,count,mean,std,min,25%,50%,75%,max
MI_dir_L5_weight,555932.0,4.100359267209624,11.335831131943387,1.0,1.000000274,1.250401753,2.730703991,234.0559649
MI_dir_L5_mean,555932.0,122.95554264098391,115.11946476537456,60.0,66.0,78.0,102.0,1452.697092
MI_dir_L5_variance,555932.0,5084.032040562791,24505.545396188667,0.0,9.09e-13,8.13e-05,39.9232735175,491805.7871
MI_dir_L3_weight,555932.0,4.735972273283069,14.679315290073127,1.0,1.0001607015,1.4997388694999998,2.9661414445,287.6105058
MI_dir_L3_mean,555932.0,123.02322870453024,113.16817260473857,60.0,66.0,79.94423151999999,105.88537395,1450.730015
MI_dir_L3_variance,555932.0,5270.710518966036,24632.456686942336,0.0,3.53e-10,0.080838208,106.82390195,478981.5916
MI_dir_L1_weight,555932.0,6.262934113399019,22.501376564995716,1.0,1.114056709,1.9999870415,3.0614185757500003,448.2115914
MI_dir_L1_mean,555932.0,123.7885490341911,109.06224503836947,60.0,66.0353096475,82.52903678999999,116.299885,1434.055603
MI_dir_L1_variance,555932.0,6038.2809414427575,24171.177211890612,0.0,0.0823746155,33.950879025,976.500338475,479417.2269
MI_dir_L0.1_weight,555932.0,14.415246125943627,36.08989793547189,1.0,3.3531823845,6.956387476,11.025616750000001,704.0728095
MI_dir_L0.1_mean,555932.0,127.24624789562834,93.78205142066263,60.0,72.3174779525,86.533894785,151.73355245,1401.993695
MI_dir_L0.1_variance,555932.0,10669.729698985142,26208.236919835825,0.0,184.271338225,506.02408305,14922.2539425,452001.0916
MI_dir_L0.01_weight,555932.0,69.81103904090853,65.19436111126221,1.0,28.260550977500003,38.123915695,100.13117165,849.0143801
MI_dir_L0.01_mean,555932.0,125.80560523730645,85.26678008526446,60.0,73.642232345,91.73232569,150.2711846,1383.835587
MI_dir_L0.01_variance,555932.0,13680.323855485587,24516.92065185043,0.0,353.8989853,1788.625176,23479.452105,454103.6288
H_L5_weight,555932.0,4.100366111948144,11.335829783790766,1.0,1.000000274,1.2504249029999999,2.73071261775,234.0559649
H_L5_mean,555932.0,122.95557831609258,115.11953092447982,60.0,66.0,78.0,102.0,1452.697092
H_L5_variance,555932.0,5084.036784584279,24505.544559096124,0.0,9.09e-13,8.13e-05,39.938949745,491805.7871
H_L3_weight,555932.0,4.735982231590924,14.679313577298965,1.0,1.00016086575,1.499792084,2.9661623475,287.6105058
H_L3_mean,555932.0,123.02330579947333,113.16832313505056,60.0,66.0,79.94423151999999,105.88537395,1450.730015
H_L3_variance,555932.0,5270.723529607244,24632.45492878001,0.0,3.58e-10,0.08083963999999999,106.836277825,478981.5916
H_L1_weight,555932.0,6.262955074491171,22.501373260399628,1.0,1.11407252825,1.9999870855,3.0614435985,448.2115914
H_L1_mean,555932.0,123.7888026690943,109.06277601829775,60.0,66.0353096475,82.52903678999999,116.299885,1434.055603
H_L1_variance,555932.0,6038.320724083923,24171.1736883335,0.0,0.0825292015,33.954800410000004,976.820022225,479417.2269
H_L0.1_weight,555932.0,14.41545975468879,36.08982631257108,1.0,3.3534574995,6.956387476,11.025616750000001,704.0728095
H_L0.1_mean,555932.0,127.24624455240755,93.7782429833226,60.0,72.3174779525,86.533894785,151.73355245,1401.993695
H_L0.1_variance,555932.0,10670.170961257896,26208.152369833075,0.0,184.31287215,506.14269390000004,14922.636592500001,452001.0916
H_L0.01_weight,555932.0,69.81285050589617,65.19252749981139,1.0,28.260550977500003,38.123915695,100.13117165,849.0143801
H_L0.01_mean,555932.0,125.80353616699672,85.24902299207834,60.0,73.642232345,91.73221239,150.2711846,1383.835587
H_L0.01_variance,555932.0,13681.244360550438,24516.62634734049,0.0,353.939848,1791.2467215,23479.452105,454103.6288
HH_L5_weight,555932.0,3.632857011881208,10.855007487795612,1.0,1.0,1.00000006,1.8855882935,225.5603092
HH_L5_mean,555932.0,123.27690186429612,116.50247479472104,60.0,66.0,76.0,102.0,1470.0
HH_L5_std,555932.0,21.82645017556242,65.3164008032242,0.0,0.0,0.0,0.2998976775,688.5029949
HH_L5_magnitude,555932.0,186.43404298796878,165.98127140075383,60.0,96.11899885,122.3315153,186.788288975,1869.275184
HH_L5_radius,555932.0,16943.480076965236,62752.45820323114,0.0,0.0,4.27e-09,59.91273885,624198.2986
HH_L5_covariance,555932.0,-898.4006450315103,7533.088368756458,-284888.6206,-1.5325e-67,0.0,4.2375e-130,365868.442
HH_L5_pcc,555932.0,-0.0035476410364946006,0.12638211003376293,-1.497787481,0.0,0.0,0.0,2.002652273
HH_L3_weight,555932.0,4.174028900253345,13.8442508799505,1.0,1.0,1.0000605615,1.98435066475,275.3971286
HH_L3_mean,555932.0,123.39467519480849,115.13115801048477,60.0,66.0,78.29712407,104.2046889,1470.0
HH_L3_std,555932.0,22.63779920316153,65.68406147700459,0.0,0.0,9.54e-07,2.1148654550000003,692.0849598
HH_L3_magnitude,555932.0,187.0166566636622,165.0591098624974,60.0,102.120194025,122.3309125,185.410622575,1799.115026
HH_L3_radius,555932.0,17684.720371510368,64383.05452222537,0.0,0.0,0.0003113945,149.4497503,636532.0299
HH_L3_covariance,555932.0,-1086.427870158156,8172.285475290688,-267051.4816,-1.0600000000000001e-35,0.0,1.9199999999999998e-69,432779.7548
HH_L3_pcc,555932.0,-0.004432674142715044,0.135766454184625,-1.613910774,0.0,0.0,0.0,2.197595667
HH_L1_weight,555932.0,5.314325510007373,20.56387585500611,1.0,1.000000003,1.0639612095,2.039545186,409.7914041
HH_L1_mean,555932.0,123.58099815434213,113.31225454484121,60.0,66.0000094,81.50890681,110.0,1470.0
HH_L1_std,555932.0,25.164517644831424,66.55977617212343,0.0,1.35e-06,0.0228571865,8.919362631999999,692.4021508
HH_L1_magnitude,555932.0,187.01024566794675,162.63471504040277,60.0,104.6518036,122.1040724,179.0,1470.0
HH_L1_radius,555932.0,18426.92798182191,64832.430113582406,0.0,2.88e-12,5.328633276,342.00198275,629218.7319
HH_L1_covariance,555932.0,-1308.2574442085393,8661.546413979202,-252642.6408,-4.79e-08,0.0,3.7725e-22,472269.6851
HH_L1_pcc,555932.0,-0.003919653434355416,0.15629985320219886,-1.654264164,-2.41e-06,0.0,6.9125e-18,2.422158497
HH_L0.1_weight,555932.0,9.825368774764,31.9472897729559,1.0,1.2132734365,2.4284931309999997,8.096281427249998,639.2974831
HH_L0.1_mean,555932.0,124.45615243030727,111.94665503435618,60.0,69.36972893250001,78.286647305,110.0,1470.0
HH_L0.1_std,555932.0,35.39274512669342,71.20974274223893,0.0,0.0030009752499999998,12.816502620000001,24.453398055,678.4579625
HH_L0.1_magnitude,555932.0,184.281005455809,153.12427041167206,60.0,103.06025375,118.804339,196.6155239,1470.0
HH_L0.1_radius,555932.0,18934.79368931957,59796.90109456425,0.0,0.00012415375000000001,315.61593265,828.212156025,541081.6893
HH_L0.1_covariance,555932.0,-1150.9891441263655,7659.525850988882,-259668.1923,-1.445458906,0.0,5.36733062175,406798.3139
HH_L0.1_pcc,555932.0,0.030106658269655216,0.212047626275522,-1.586467025,-0.018979087749999998,0.0,0.0460902765,2.656716158
HH_L0.01_weight,555932.0,36.47537793979725,51.63901073989741,1.0,6.200598815,13.23428987,74.88842302750001,748.248042
HH_L0.01_mean,555932.0,125.01268840216892,111.90562535182434,60.0,71.58432328,82.90186779000001,128.820560775,1470.0
HH_L0.01_std,555932.0,46.13900889657372,75.09409590919924,0.0,6.01566001875,18.978262344999997,32.1461640075,678.4363454
HH_L0.01_magnitude,555932.0,182.69427933007162,145.54423654745491,60.0,105.9142324,117.496685,226.32203015,1470.0
HH_L0.01_radius,555932.0,20083.066191961152,53292.172282090316,0.0,49.742663825,513.69298155,4393.12747425,480567.073
HH_L0.01_covariance,555932.0,15.853096331544213,5396.934826988163,-118201.7712,-5.57e-29,0.054622543499999995,54.8371278975,144281.5376
HH_L0.01_pcc,555932.0,0.08138438555154018,0.2520598130030499,-1.691353812,0.0,0.0033842430000000003,0.103131323,2.703680465
HH_jit_L5_weight,555932.0,3.632857011881208,10.855007487795612,1.0,1.0,1.00000006,1.8855882935,225.5603092
HH_jit_L5_mean,555932.0,3133924.9275845774,64103258.77552601,0.0064879,1.86687454,8.293586224,29.8196665,1534252756.0
HH_jit_L5_variance,555932.0,621867060916541.2,1.4602233796751318e+16,0.0,0.0,1.26e-06,1.92394534375,5.88e+17
HH_jit_L3_weight,555932.0,4.174028900253345,13.8442508799505,1.0,1.0,1.0000605615,1.98435066475,275.3971286
HH_jit_L3_mean,555932.0,3277465.510495847,64567418.79149434,0.010171128,2.1019173542500003,9.7206810805,29.9504536975,1534252756.0
HH_jit_L3_variance,555932.0,779035409416632.6,1.641449427659568e+16,0.0,0.0,0.000860509,3.26181546525,5.88e+17
HH_jit_L1_weight,555932.0,5.314325510007373,20.56387585500611,1.0,1.000000003,1.0639612095,2.039545186,409.7914041
HH_jit_L1_mean,555932.0,3609459.590545513,65612526.06544682,0.028918009,2.4419412437499997,9.995095737,29.9980609475,1534252756.0
HH_jit_L1_variance,555932.0,1143916722003132.2,1.9903653046670604e+16,0.0,7.35e-10,0.5301539645,7.6403210887499995,5.88e+17
HH_jit_L0.1_weight,555932.0,9.825368774763996,31.9472897729559,1.0,1.2132734365,2.4284931309999997,8.096281427249998,639.2974831
HH_jit_L0.1_mean,555932.0,4300456.726809001,67644896.65395702,0.137161875,2.2526795715,14.114941865,34.7437173175,1534252756.0
HH_jit_L0.1_variance,555932.0,1913226220134184.8,2.542256292825605e+16,0.0,2.9655196202500003,12.784466394999999,108.067971625,5.88e+17
HH_jit_L0.01_weight,555932.0,36.47537793979725,51.63901073989741,1.0,6.200598815,13.23428987,74.88842302750001,748.248042
HH_jit_L0.01_mean,555932.0,5582656.103902647,70403989.56725238,0.659778634,2.48284329525,15.676235035000001,37.8717452925,1534252756.0
HH_jit_L0.01_variance,555932.0,3459575421440128.0,3.243942737204847e+16,0.0,9.603208469,134.73999014999998,667.1629410749999,5.88e+17
HpHp_L5_weight,555932.0,1.8252147755413626,8.033156863459597,1.0,1.0,1.0,1.032277651,225.180681
HpHp_L5_mean,555932.0,124.56605007943648,122.72270414872702,60.0,66.0,74.0,102.0,1470.0
HpHp_L5_std,555932.0,18.037311813814302,63.511151770012276,0.0,0.0,0.0,1.35e-06,688.5029949
HpHp_L5_magnitude,555932.0,176.04198136933152,165.12158192728327,60.0,84.85281374,122.3315168,144.2497834,1869.275184
HpHp_L5_radius,555932.0,9033.616737209424,43279.76303835966,0.0,0.0,0.0,1.24e-05,474036.3741
HpHp_L5_covariance,555932.0,1068.4149071907923,5920.758649162882,-95921.10174,0.0,0.0,0.0,118379.2793
HpHp_L5_pcc,555932.0,0.02058384719992672,0.12529519690696836,-1.220216444,0.0,0.0,0.0,2.075580823
HpHp_L3_weight,555932.0,2.037179500481973,10.717131382403183,1.0,1.0,1.000000001,1.142804665,274.7747501
HpHp_L3_mean,555932.0,124.8350349465563,121.30100805110311,60.0,66.0,74.0,102.0,1470.0
HpHp_L3_std,555932.0,18.653509069797597,64.81396390259104,0.0,0.0,0.0,0.000569305,692.0849598
HpHp_L3_magnitude,555932.0,176.1491548768497,164.16842256812177,60.0,84.85281374,122.3315168,144.2497834,1799.115026
HpHp_L3_radius,555932.0,9425.803386506945,44946.211506606094,0.0,0.0,4.55e-13,0.00387373,520813.3623
HpHp_L3_covariance,555932.0,1088.4367213607347,6107.6201138248025,-94307.84324,0.0,0.0,0.0,123581.4022
HpHp_L3_pcc,555932.0,0.021332006999201226,0.13352682015680206,-1.351988138,0.0,0.0,0.0,2.29373777
HpHp_L1_weight,555932.0,2.5917539490472383,17.39501535758934,1.0,1.0,1.000968867,1.819784638,407.66501
HpHp_L1_mean,555932.0,125.00734258572709,119.13817195627993,60.0,66.0,74.0,102.0,1470.0
HpHp_L1_std,555932.0,19.656535568830204,66.27874144144992,0.0,0.0,9.54e-07,0.5324046535,692.4021508
HpHp_L1_magnitude,555932.0,176.0170636183511,162.6119586389798,60.0,84.85281425,122.2997308,144.2497834,1470.0
HpHp_L1_radius,555932.0,9918.085083694245,47101.59728213613,0.0,4.55e-13,5.09e-11,8.135885867999999,534951.1281
HpHp_L1_covariance,555932.0,1111.372333904931,6421.443210035803,-103240.7769,-2.9199999999999998e-46,0.0,8.9125e-75,142882.0921
HpHp_L1_pcc,555932.0,0.020829021225662735,0.15166029698964734,-1.476413925,0.0,0.0,0.0,2.546912454
HpHp_L0.1_weight,555932.0,4.20951636732707,27.702987331711785,1.0,1.0727279425,1.9489194735,2.6788645735000003,635.7944459
HpHp_L0.1_mean,555932.0,124.32591697543783,116.2575906077661,60.0,66.0,75.01849516,102.0,1470.0
HpHp_L0.1_std,555932.0,23.94499487360299,67.58536730867345,0.0,6.74e-07,0.001010679,11.86874995,686.3704671
HpHp_L0.1_magnitude,555932.0,174.07732639041618,157.7993697943043,60.0,88.1567173725,115.9574432,144.2497834,1470.0
HpHp_L0.1_radius,555932.0,11380.36017396393,50311.98486252709,0.0,1.02e-12,15.99999903,250.65684125,501429.7041
HpHp_L0.1_covariance,555932.0,1105.6931038568516,6835.130625528075,-131297.5299,-4.03e-14,0.0,1.84e-31,140609.4144
HpHp_L0.1_pcc,555932.0,0.022415345826182854,0.18238580085518602,-1.586467025,-2.74e-09,0.0,0.0,2.760701263
HpHp_L0.01_weight,555932.0,13.170274669241486,36.152117185355095,1.0,4.219020671,6.276037441,18.2564951875,748.248042
HpHp_L0.01_mean,555932.0,122.67695559557401,112.8029317483191,60.0,66.11836549750001,82.51064367500001,102.0,1470.0
HpHp_L0.01_std,555932.0,26.971356219640665,67.71511036684203,0.0,1.35e-06,1.9576604135,13.224149172499999,681.0012228
HpHp_L0.01_magnitude,555932.0,172.9299702547471,153.1691842108792,60.0,87.2697774675,115.4159918,144.2497834,1470.0
HpHp_L0.01_radius,555932.0,13560.881447175285,53320.01726427267,0.0,2.27e-12,74.26520685,374.22029707499996,480237.0448
HpHp_L0.01_covariance,555932.0,1121.4112123128455,7573.418570419231,-182096.3462,-8.400000000000001e-29,0.0,0.64062156225,143864.1109
HpHp_L0.01_pcc,555932.0,0.034498356458994,0.19893629855562672,-2.252106748,-2.5e-17,0.0,0.0239490765,2.811225699
